Price,Return
2018-01-03,0.006324843943783742
2018-01-04,0.004214905595779639
2018-01-05,0.006664060249236048
2018-01-08,0.0018287492457933485
2018-01-09,0.002263128445604501
2018-01-10,-0.0015295907385985963
2018-01-11,0.007296254169472771
2018-01-12,0.006518707103367438
2018-01-16,-0.003417934304345005
2018-01-17,0.009531727616735486
2018-01-18,-0.0016813551306837926
2018-01-19,0.004550066870120828
2018-01-22,0.008131049254760159
2018-01-23,0.0021217899998515755
2018-01-24,-0.0003879037027227916
2018-01-25,0.00042346509471746785
2018-01-26,0.011577685707816698
2018-01-29,-0.00662942241772535
2018-01-30,-0.010257371060156784
2018-01-31,0.000496962082265684
2018-02-01,-0.001135042453237256
2018-02-02,-0.02176990791822242
2018-02-05,-0.04182279846940007
2018-02-06,0.01970243281536055
2018-02-07,-0.005425111269385496
2018-02-08,-0.037508467062923545
2018-02-09,0.015021397735761166
2018-02-12,0.014684517515227258
2018-02-13,0.002487214679231853
2018-02-14,0.013496314052358516
2018-02-15,0.01275999709358766
2018-02-16,0.00029293173949596074
2018-02-20,-0.006260927518980108
2018-02-21,-0.004974264226469183
2018-02-22,0.0012959904387497279
2018-02-23,0.01593943001249931
2018-02-26,0.01161206549157856
2018-02-27,-0.012486502843516933
2018-02-28,-0.010129999582311089
2018-03-01,-0.014540431715188817
2018-03-02,0.005154808957029466
2018-03-05,0.011557922615640148
2018-03-06,0.0025349520592412578
2018-03-07,-0.0003665876342756613
2018-03-08,0.0048391341252063125
2018-03-09,0.017402270195356895
2018-03-12,-0.0012548775218831354
2018-03-13,-0.00646290849815212
2018-03-14,-0.005131484448631762
2018-03-15,-0.001089844469510326
2018-03-16,0.0010844951209978415
2018-03-19,-0.013530199106728702
2018-03-20,0.001700681138266047
2018-03-21,-0.0019195352288068346
2018-03-22,-0.024996855963655973
2018-03-23,-0.02131483637169196
2018-03-26,0.02735928177597846
2018-03-27,-0.017011836913862433
2018-03-28,-0.0029548364706786234
2018-03-29,0.012777642614772322
2018-04-02,-0.021584750159276633
2018-04-03,0.012817114705210741
2018-04-04,0.010699273246071783
2018-04-05,0.007891730676804709
2018-04-06,-0.022285694430777214
2018-04-09,0.0049284626025143385
2018-04-10,0.015900467673621188
2018-04-11,-0.005242528392022661
2018-04-12,0.008227133250636509
2018-04-13,-0.002932846986161697
2018-04-16,0.00822160523344917
2018-04-17,0.010698377261943115
2018-04-18,0.0007405163997713515
2018-04-19,-0.005548011940628705
2018-04-20,-0.008479013578435723
2018-04-23,-0.00015010488934386057
2018-04-24,-0.013467347252936301
2018-04-25,0.0024716295612292605
2018-04-26,0.010165550014461733
2018-04-27,0.0009391480070488623
2018-04-30,-0.007690829320257109
2018-05-01,0.0017768890366842705
2018-05-02,-0.006717313558075144
2018-05-03,-0.0022038691135316535
2018-05-04,0.012946404509456055
2018-05-07,0.0033834272782253816
2018-05-08,0.0
2018-05-09,0.009665682591455393
2018-05-10,0.009350728150687049
2018-05-11,0.003051022006278492
2018-05-14,0.0004765580279293413
2018-05-15,-0.006886897591225849
2018-05-16,0.004205041056650982
2018-05-17,-0.0008447480266230434
2018-05-18,-0.0025000485879642653
2018-05-21,0.007518562695180142
2018-05-22,-0.0027800824046811945
2018-05-23,0.002751069346188295
2018-05-24,-0.0020483811539863117
2018-05-25,-0.0023826582173808175
2018-05-29,-0.011501165764291832
2018-05-30,0.013344763887012112
2018-05-31,-0.006125854221497362
2018-06-01,0.009817619305811043
2018-06-04,0.0047513828776128975
2018-06-05,0.0007275155931321109
2018-06-06,0.008360722612509974
2018-06-07,-0.00010819971320552568
2018-06-08,0.0029562888560796807
2018-06-11,0.0013302403748691738
2018-06-12,0.0012922477191399384
2018-06-13,-0.0031911355480015446
2018-06-14,0.0025180727898683752
2018-06-15,-0.0012757055533935135
2018-06-18,-0.002057011121333052
2018-06-19,-0.003832713412451394
2018-06-20,0.0017059719721796984
2018-06-21,-0.006268659127023124
2018-06-22,0.0018230171242836768
2018-06-25,-0.013612774525825433
2018-06-26,0.0022138639235003144
2018-06-27,-0.008284234687581549
2018-06-28,0.005717529124660281
2018-06-29,0.001439845991156652
2018-07-02,0.0021378320954383856
2018-07-03,-0.003531217020366517
2018-07-05,0.008157877034525418
2018-07-06,0.008458001808528293
2018-07-09,0.009004519625752216
2018-07-10,0.0035988185013284824
2018-07-11,-0.007314860214899244
2018-07-12,0.009066106284534303
2018-07-13,0.0007875383621200882
2018-07-16,-0.0008941588306414783
2018-07-17,0.0040451437899668985
2018-07-18,0.002103723636066812
2018-07-19,-0.00377153134883379
2018-07-20,-0.0011429552433960266
2018-07-23,0.001859519456088865
2018-07-24,0.00503182455889406
2018-07-25,0.008522487748988228
2018-07-26,-0.0023590255574178487
2018-07-27,-0.00677628798963803
2018-07-30,-0.005223280070029257
2018-07-31,0.004929215437546874
2018-08-01,-0.0016709240567728267
2018-08-02,0.005447817189485837
2018-08-03,0.004284653123943771
2018-08-06,0.0036675129212551116
2018-08-07,0.0033023236961402525
2018-08-08,-0.0004199634134787189
2018-08-09,-0.001366235240605751
2018-08-10,-0.00669992292911703
2018-08-13,-0.0037438013987157737
2018-08-14,0.0063805642310901245
2018-08-15,-0.007467244230490722
2018-08-16,0.008091351841085892
2018-08-17,0.003520594445516334
2018-08-20,0.002139609875113191
2018-08-21,0.0023455573843320643
2018-08-22,-0.0005935485925853135
2018-08-23,-0.0013281603113638463
2018-08-24,0.00601883144008819
2018-08-27,0.00789503042212325
2018-08-28,0.00048332922375315945
2018-08-29,0.005380752165268232
2018-08-30,-0.004048636809553252
2018-08-31,3.4723202338993175e-05
2018-09-04,-0.0017225181006125245
2018-09-05,-0.002691338949704414
2018-09-06,-0.0030101112454078427
2018-09-07,-0.0019434125293619209
2018-09-10,0.0017389282877608991
2018-09-11,0.0032968776237536357
2018-09-12,0.0002426901743217691
2018-09-13,0.005914345225191742
2018-09-14,0.00017164910819689183
2018-09-17,-0.005294277604449005
2018-09-18,0.005426378910863505
2018-09-19,0.001065322577413541
2018-09-20,0.008104153232837197
2018-09-21,-0.0009140885251583963
2018-09-24,-0.0033216436010610195
2018-09-25,-0.000927473952912039
2018-09-26,-0.0029923189321283683
2018-09-27,0.00279395223376655
2018-09-28,0.00010320879550285156
2018-10-01,0.0034744549371037436
2018-10-02,-0.0005828816936187531
2018-10-03,0.0005486872420672473
2018-10-04,-0.007815938749210938
2018-10-05,-0.005596873241469513
2018-10-08,0.0
2018-10-09,-0.0014590940193035529
2018-10-10,-0.031663382154087705
2018-10-11,-0.022026353647603303
2018-10-12,0.01388837768612139
2018-10-15,-0.005617474437717429
2018-10-16,0.02186612520305342
2018-10-17,0.0001782054709078551
2018-10-18,-0.014441016466464673
2018-10-19,-0.0005425385208834843
2018-10-22,-0.004488766438969338
2018-10-23,-0.005090713492336252
2018-10-24,-0.030298388246648766
2018-10-25,0.017940558981760724
2018-10-26,-0.01758740291697858
2018-10-29,-0.005540145715447808
2018-10-30,0.014818168471065318
2018-10-31,0.010680927277943786
2018-11-01,0.010641704438382193
2018-11-02,-0.005922725903992121
2018-11-05,0.005516758286247203
2018-11-06,0.006328016383815083
2018-11-07,0.02140891881656848
2018-11-08,-0.0018152921556980894
2018-11-09,-0.009768178770332536
2018-11-12,-0.018685007707159307
2018-11-13,-0.0018710011599920584
2018-11-14,-0.006837003145194531
2018-11-15,0.010437139742809576
2018-11-16,0.0026000068133367193
2018-11-19,-0.016913981182857696
2018-11-20,-0.01850645496138592
2018-11-21,0.0034078074399155334
2018-11-23,-0.006678746657680534
2018-11-26,0.01614432423619383
2018-11-27,0.0033645558605077674
2018-11-28,0.023025031985746125
2018-11-29,-0.0021850356507124857
2018-11-30,0.006095195525381403
2018-12-03,0.01324171450243905
2018-12-04,-0.03240250225772667
2018-12-06,-0.0015171397322002456
2018-12-07,-0.02323583904192439
2018-12-10,0.0018969461672484478
2018-12-11,0.00022696730959870237
2018-12-12,0.005035372892063794
2018-12-13,-0.0003386683890665987
2018-12-14,-0.018464966461563925
2018-12-17,-0.019618224757242286
2018-12-18,-0.0010965554938412447
2018-12-19,-0.014975836651711316
2018-12-20,-0.016277897733948832
2018-12-21,-0.020489444713298166
2018-12-24,-0.026422973976206632
2018-12-26,0.05052460938023229
2018-12-27,0.007677364734475223
2018-12-28,-0.001289794746996642
2018-12-31,0.008758756376577637
2019-01-02,0.0010403959438067822
2019-01-03,-0.02386273206895706
2019-01-04,0.033495766228357926
2019-01-07,0.007884481582193681
2019-01-08,0.009395353887683422
2019-01-09,0.00467347738315671
2019-01-10,0.0035277227828265367
2019-01-11,0.00038615648657347457
2019-01-14,-0.0061008434576752535
2019-01-15,0.011460940309667933
2019-01-16,0.002419597015361097
2019-01-17,0.007586807605231893
2019-01-18,0.013309906596954413
2019-01-22,-0.013510569847527854
2019-01-23,0.002092478270641296
2019-01-24,0.0005315924223636692
2019-01-25,0.0084612386095555
2019-01-28,-0.007600128083869451
2019-01-29,-0.0013270566064583766
2019-01-30,0.015830993673966454
2019-01-31,0.008782100167340712
2019-02-01,0.00048204418413599903
2019-02-04,0.00703505729943199
2019-02-05,0.0041919708408073575
2019-02-06,-0.0013181397387168614
2019-02-07,-0.009532781186531558
2019-02-08,0.0012216022233284551
2019-02-11,0.0005544764833029792
2019-02-12,0.012859183340541147
2019-02-13,0.0032471467534787024
2019-02-14,-0.0022182235405642237
2019-02-15,0.010897058376122315
2019-02-19,0.0017308713967323364
2019-02-20,0.002015616509174256
2019-02-21,-0.0035561280820403107
2019-02-22,0.006199763118421631
2019-02-25,0.0013610373399670639
2019-02-26,-0.0007150423359084668
2019-02-27,-0.0004295753648733136
2019-02-28,-0.001862576832813656
2019-03-01,0.006243939515058861
2019-03-04,-0.003637853375480171
2019-03-05,-0.0013597709764804344
2019-03-06,-0.00605694576136917
2019-03-07,-0.008365737806415252
2019-03-08,-0.001999662157534665
2019-03-11,0.014501005976264247
2019-03-12,0.0037712132650380426
2019-03-13,0.0066190374088466175
2019-03-14,-0.0006395557737863822
2019-03-15,0.004940795838953571
2019-03-18,0.003625512907752926
2019-03-19,0.0002478839221160545
2019-03-20,-0.003009700369269286
2019-03-21,0.011294693512372778
2019-03-22,-0.019246481929866666
2019-03-25,-0.000751732881305367
2019-03-26,0.007453668751756792
2019-03-27,-0.005228870179949108
2019-03-28,0.0037906185377576396
2019-03-29,0.006305253637851171
2019-04-01,0.01185927886088245
2019-04-02,0.0004896970946293155
2019-04-03,0.0015738719767026677
2019-04-04,0.002653047719826329
2019-04-05,0.004840423660889659
2019-04-08,0.0007625183312309769
2019-04-09,-0.0051250902702134615
2019-04-10,0.0034109277154250606
2019-04-11,-0.0002776233147333551
2019-04-12,0.0067659729900304555
2019-04-15,-0.0006547130783681743
2019-04-16,0.0006551420084093262
2019-04-17,-0.0024468780618722707
2019-04-18,0.001969190473744886
2019-04-22,0.000862033716934496
2019-04-23,0.008991647919033063
2019-04-24,-0.002219055128010683
2019-04-25,-0.000615970278046718
2019-04-26,0.004656750466195625
2019-04-29,0.001567124694649591
2019-04-30,0.0005106742060665415
2019-05-01,-0.007516362362366746
2019-05-02,-0.002158883748156537
2019-05-03,0.009787917811610924
2019-05-06,-0.004115110962299884
2019-05-07,-0.01670002602907128
2019-05-08,-0.0013891481702117403
2019-05-09,-0.003025855839448255
2019-05-10,0.0050235135413532195
2019-05-13,-0.025130278174597453
2019-05-14,0.00904402540386573
2019-05-15,0.00585736888334476
2019-05-16,0.009260872419953659
2019-05-17,-0.006465366657111726
2019-05-20,-0.0066115690757563295
2019-05-21,0.009015565840294615
2019-05-22,-0.003071531859301535
2019-05-23,-0.01221835560159068
2019-05-24,0.00226808118487698
2019-05-28,-0.009300538479266596
2019-05-29,-0.006710457179855744
2019-05-30,0.002731236483666688
2019-05-31,-0.013475567463288818
2019-06-03,-0.0025430292952801636
2019-06-04,0.021706911111458282
2019-06-05,0.008661995679871248
2019-06-06,0.006502809036556423
2019-06-07,0.010006828121611688
2019-06-10,0.004589744192055489
2019-06-11,-0.00024306470571844319
2019-06-12,-0.001765132585500595
2019-06-13,0.004126589351935106
2019-06-14,-0.0011049627070711665
2019-06-17,0.0003799408516305114
2019-06-18,0.010471316662292285
2019-06-19,0.0022571289920043647
2019-06-20,0.009554392353996022
2019-06-21,-0.0014538872127467517
2019-06-24,-0.001224429442982622
2019-06-25,-0.00980767306321395
2019-06-26,-0.0009975583121225595
2019-06-27,0.003545927311210173
2019-06-28,0.005145716485715823
2019-07-01,0.009078528809471909
2019-07-02,0.002604432299600168
2019-07-03,0.007995342505714653
2019-07-05,-0.0011382597385850568
2019-07-08,-0.005494565532685902
2019-07-09,0.0012464377581382635
2019-07-10,0.0047780592334536465
2019-07-11,0.002344060156742378
2019-07-12,0.0044770987474525015
2019-07-15,0.00033268942553088543
2019-07-16,-0.0032253993153237293
2019-07-17,-0.006805215155852751
2019-07-18,0.0036609111016281393
2019-07-19,-0.005554818618385693
2019-07-22,0.0024565643601646148
2019-07-23,0.007150176965581956
2019-07-24,0.004699549543391246
2019-07-25,-0.004777168101084861
2019-07-26,0.006700257235815021
2019-07-29,-0.001821607180091278
2019-07-30,-0.002454395114898311
2019-07-31,-0.010940529319212078
2019-08-01,-0.00870830173421111
2019-08-02,-0.007529195345256645
2019-08-05,-0.0300729504990902
2019-08-06,0.014022889707734132
2019-08-07,0.000590765851934627
2019-08-08,0.019619896109015045
2019-08-09,-0.0068116089227072685
2019-08-12,-0.012173132271701581
2019-08-13,0.015551745041436194
2019-08-14,-0.029567693767235115
2019-08-15,0.0026417336840645067
2019-08-16,0.014755179395971041
2019-08-19,0.012047295254062673
2019-08-20,-0.0076620438312151595
2019-08-21,0.008135659538248463
2019-08-22,-0.0003082181701796749
2019-08-23,-0.025687399857147852
2019-08-26,0.011058111148369631
2019-08-27,-0.003923408546395057
2019-08-28,0.007041501624452273
2019-08-29,0.012773125008874286
2019-08-30,-0.0004439083376971409
2019-09-03,-0.00584786783384128
2019-09-04,0.011350888353269584
2019-09-05,0.012854926904432906
2019-09-06,0.0007722875980500366
2019-09-09,0.0005035567076596692
2019-09-10,-0.00023473956085440228
2019-09-11,0.007110827823778143
2019-09-12,0.003464019880013991
2019-09-13,-0.000664188532235932
2019-09-16,-0.003088541732386152
2019-09-17,0.002531895112962923
2019-09-18,0.0005983037000754088
2019-09-19,-6.666176101610688e-05
2019-09-20,-0.004724813742216449
2019-09-23,-0.0002344954997620663
2019-09-24,-0.007846780390366126
2019-09-25,0.005914323245076458
2019-09-26,-0.002082980060334916
2019-09-27,-0.00538711797301572
2019-09-30,0.0046377489379945125
2019-10-01,-0.0118948328031655
2019-10-02,-0.01766472235762151
2019-10-03,0.008192976903984128
2019-10-04,0.013532203442955915
2019-10-07,-0.004314679517739339
2019-10-08,-0.015524973582263124
2019-10-09,0.009496235885149362
2019-10-10,0.006763651480182098
2019-10-11,0.010366858465037154
2019-10-14,-0.0011135222239629927
2019-10-15,0.009900339596914165
2019-10-16,-0.0016059245649912013
2019-10-17,0.0029487438734665528
2019-10-18,-0.004377235290151216
2019-10-21,0.006779366331415959
2019-10-22,-0.0032666778002792274
2019-10-23,0.002909374994753522
2019-10-24,0.0016341614401511606
2019-10-25,0.0040951724540572165
2019-10-28,0.0056366225449144824
2019-10-29,-0.0002969296088142226
2019-10-30,0.003067197214853712
2019-10-31,-0.0026634456635077353
2019-11-01,0.009263820623199415
2019-11-04,0.00401798895908434
2019-11-05,-0.001106118811031509
2019-11-06,0.00022803060798604058
2019-11-07,0.0035167772976882894
2019-11-08,0.002465855176210896
2019-11-11,-0.0019094866289897094
2019-11-12,0.002107959386345337
2019-11-13,0.0003236192677800176
2019-11-14,0.0014555990324878199
2019-11-15,0.00723660425467143
2019-11-18,0.000736976864228911
2019-11-19,-0.0002879880042538918
2019-11-20,-0.0037188513210494323
2019-11-21,-0.0016087731605075595
2019-11-22,0.002224027369591264
2019-11-25,0.007749979067199986
2019-11-26,0.002265783592035886
2019-11-27,0.004457496666973482
2019-11-29,-0.0037086160719921324
2019-12-02,-0.008494807723001596
2019-12-03,-0.0067066468097572995
2019-12-04,0.006170384920099581
2019-12-05,0.0017974385211663169
2019-12-06,0.00913452901090328
2019-12-09,-0.003144082209337151
2019-12-10,-0.001115164185775508
2019-12-11,0.002838576243679558
2019-12-12,0.008619245383353125
2019-12-13,0.0005993035035880556
2019-12-16,0.00686977485738538
2019-12-17,0.00021913065047018954
2019-12-18,6.252023791630812e-05
2019-12-19,0.004098851196999265
2019-12-20,0.004384455909160145
2019-12-23,0.0015277205532979732
2019-12-24,3.120658228716877e-05
2019-12-26,0.005323199908104259
2019-12-27,-0.0002478073739554665
2019-12-30,-0.005513146690776183
2019-12-31,0.0024292626735040734
2020-01-02,0.009351844014941824
2020-01-03,-0.007572219374679667
2020-01-06,0.0038152559209754244
2020-01-07,-0.002812081288988577
2020-01-08,0.0053295202090324345
2020-01-09,0.006780883701203333
2020-01-10,-0.0028779266856641117
2020-01-13,0.006877349000871558
2020-01-14,-0.0015242472087286796
2020-01-15,0.0022596550979947505
2020-01-16,0.008318271134196698
2020-01-17,0.0031126134258714355
2020-01-21,-0.0019582456951752203
2020-01-22,0.00012062634020892915
2020-01-23,0.0011471186446130321
2020-01-24,-0.008893360690209295
2020-01-27,-0.01602920552404985
2020-01-28,0.010479250119133754
2020-01-29,-0.0008260272338367347
2020-01-30,0.0032454591865918037
2020-01-31,-0.018158056519623877
2020-02-03,0.007428539191974837
2020-02-04,0.015241027980535282
2020-02-05,0.011548240008185662
2020-02-06,0.0033649097106238646
2020-02-07,-0.005329583506131663
2020-02-10,0.007465286323359299
2020-02-11,0.0017329099653020652
2020-02-12,0.006442643949504223
2020-02-13,-0.001066933232186873
2020-02-14,0.0016023068001063123
2020-02-18,-0.002577227551850858
2020-02-19,0.00478146643241617
2020-02-20,-0.004108383606625021
2020-02-21,-0.010298455256420813
2020-02-24,-0.03316541392878858
2020-02-25,-0.03030192540751464
2020-02-26,-0.0036780742357450658
2020-02-27,-0.044911790034462884
2020-02-28,-0.004201399884546486
2020-03-02,0.04330671663115626
2020-03-03,-0.02863280937286905
2020-03-04,0.042033292939600786
2020-03-05,-0.03324202690270017
2020-03-06,-0.016531005820799916
2020-03-09,-0.07809443381282177
2020-03-10,0.05174485104494697
2020-03-11,-0.04874838664086678
2020-03-12,-0.09567713257921084
2020-03-13,0.08548619091990473
2020-03-16,-0.10942362465783728
2020-03-17,0.053991823464136335
2020-03-18,-0.050632828015030995
2020-03-19,0.002124795759427922
2020-03-20,-0.043094135708981796
2020-03-23,-0.02556815612502783
2020-03-24,0.09060319289940755
2020-03-25,0.014970262495314302
2020-03-26,0.058389911183686305
2020-03-27,-0.029785557649044225
2020-03-30,0.032475644377205404
2020-03-31,-0.014905348286217368
2020-04-01,-0.04500484452746911
2020-04-02,0.023075354549950466
2020-04-03,-0.014454136527314199
2020-04-06,0.06716619153375647
2020-04-07,0.0010194600555537559
2020-04-08,0.03356820950505801
2020-04-09,0.015217490061366856
2020-04-13,-0.009130172238973389
2020-04-14,0.029493003594572187
2020-04-15,-0.021248112221951998
2020-04-16,0.004824032073597051
2020-04-17,0.02701565826319241
2020-04-20,-0.017618374282398985
2020-04-21,-0.030362903244770312
2020-04-22,0.022194362566792636
2020-04-23,-7.164950202409592e-05
2020-04-24,0.01393872484643488
2020-04-27,0.014418351816629649
2020-04-28,-0.00459824496914496
2020-04-29,0.026178712379116176
2020-04-30,-0.009310976030438622
2020-05-01,-0.02647336660873556
2020-05-04,0.0027582193978021863
2020-05-05,0.009239411979466539
2020-05-06,-0.00677840101785343
2020-05-07,0.012066417711482869
2020-05-08,0.016546176308484872
2020-05-11,0.00020514334674381907
2020-05-12,-0.019931383890268606
2020-05-13,-0.017686286181337274
2020-05-14,0.011967524294759668
2020-05-15,0.004596952513377106
2020-05-18,0.030459392391928963
2020-05-19,-0.010270963495970342
2020-05-20,0.016988199215503652
2020-05-21,-0.006904192289783451
2020-05-22,0.0018993899317176766
2020-05-26,0.012320219699508916
2020-05-27,0.014879225983572164
2020-05-28,-0.001844715368228611
2020-05-29,0.0044555190102655295
2020-06-01,0.004042029359191623
2020-06-02,0.008279929087382065
2020-06-03,0.013308204831322445
2020-06-04,-0.0026266632997751227
2020-06-05,0.025629429752711097
2020-06-08,0.012087503873634997
2020-06-09,-0.007456524182074431
2020-06-10,-0.005579860567475059
2020-06-11,-0.057649106124534666
2020-06-12,0.011975619227866163
2020-06-15,0.009335736957285512
2020-06-16,0.01924763169108723
2020-06-17,-0.004153657504739727
2020-06-18,0.0003847718723475335
2020-06-19,-0.005714457440337606
2020-06-22,0.006415022077437493
2020-06-23,0.004603404093112662
2020-06-24,-0.025508674001277987
2020-06-25,0.010720810584812668
2020-06-26,-0.023751928213973317
2020-06-29,0.014697922423963616
2020-06-30,0.01280947229473739
2020-07-01,0.0070047284348873085
2020-07-02,0.005507097083206736
2020-07-06,0.015437254264794475
2020-07-07,-0.010313871180474665
2020-07-08,0.0076485115673139425
2020-07-09,-0.0056929200991585605
2020-07-10,0.010210533202870353
2020-07-13,-0.008659127450818649
2020-07-14,0.012959545341709289
2020-07-15,0.009186937812459828
2020-07-16,-0.003293450123797559
2020-07-17,0.002898959366889997
2020-07-20,0.008081881315330497
2020-07-21,0.002127482465192454
2020-07-22,0.005691804217756724
2020-07-23,-0.011931329355416742
2020-07-24,-0.006440454147908281
2020-07-27,0.007292208125738053
2020-07-28,-0.006342469919389804
2020-07-29,0.012298714141365963
2020-07-30,-0.0035679361257210385
2020-07-31,0.007902372970758575
2020-08-03,0.006952331398871747
2020-08-04,0.003862563054760404
2020-08-05,0.006210930758758115
2020-08-06,0.006684345751769127
2020-08-07,0.000717868365756491
2020-08-10,0.002989317335922337
2020-08-11,-0.008254888189270337
2020-08-12,0.013941997881561141
2020-08-13,-0.001807387684951478
2020-08-14,2.9750335963418806e-05
2020-08-17,0.0031763410445735385
2020-08-18,0.0021605414581451488
2020-08-19,-0.004163713212583908
2020-08-20,0.0031136286793997936
2020-08-21,0.00354723440346727
2020-08-24,0.010133546122622183
2020-08-25,0.0034989479605507245
2020-08-26,0.01002574158771763
2020-08-27,0.002186511985603934
2020-08-28,0.006459393488142728
2020-08-31,-0.003622677402030039
2020-09-01,0.009418536893783358
2020-09-02,0.014464068309135492
2020-09-03,-0.034414129951779726
2020-09-04,-0.008164967989771399
2020-09-08,-0.027322770335233892
2020-09-09,0.019747140836788413
2020-09-10,-0.017363610814609465
2020-09-11,0.0005094193212087372
2020-09-14,0.013171158654633697
2020-09-15,0.005052581263346845
2020-09-16,-0.003968623118889125
2020-09-17,-0.008795334449876901
2020-09-18,-0.011512964820569405
2020-09-21,-0.01112963286222024
2020-09-22,0.010184602701789558
2020-09-23,-0.02319106538985638
2020-09-24,0.0026655956117955792
2020-09-25,0.01616682060883967
2020-09-28,0.01660943356860778
2020-09-29,-0.005446088002337368
2020-09-30,0.007582014437595319
2020-10-01,0.006419980339576137
2020-10-02,-0.009494458813801954
2020-10-05,0.01773292336257981
2020-10-06,-0.014215756711807082
2020-10-07,0.017406621930998734
2020-10-08,0.008862337781459617
2020-10-09,0.008930509612347759
2020-10-12,0.016087319098828434
2020-10-13,-0.006526013878341286
2020-10-14,-0.006283258525045632
2020-10-15,-0.001235967736882504
2020-10-16,-0.0006042932027597869
2020-10-19,-0.015203438877581021
2020-10-20,0.004005740588746365
2020-10-21,-0.001892955372032934
2020-10-22,0.0054853060356472305
2020-10-23,0.0033952154871443874
2020-10-26,-0.018479895038662653
2020-10-27,-0.0034476287213717205
2020-10-28,-0.034178828922971416
2020-10-29,0.010163410996758326
2020-10-30,-0.010424714458340145
2020-11-02,0.011208382181128629
2020-11-03,0.017655965987815714
2020-11-04,0.022349588061798986
2020-11-05,0.019502458748878793
2020-11-06,-0.0002283524073837251
2020-11-09,0.012565438939002638
2020-11-10,-0.0014665765373681472
2020-11-11,0.007428597606223386
2020-11-12,-0.00970095644451252
2020-11-13,0.013844626707804952
2020-11-16,0.01248248392518514
2020-11-17,-0.0053782973017417746
2020-11-18,-0.012034820488719955
2020-11-19,0.004210220178628488
2020-11-20,-0.006847702892173069
2020-11-23,0.005994314756270214
2020-11-24,0.016113791523040488
2020-11-25,-0.00154170573432999
2020-11-27,0.0027849862597506547
2020-11-30,-0.004427009370414403
2020-12-01,0.010937235468261308
2020-12-02,0.002103808329014356
2020-12-03,-0.00027282960824248637
2020-12-04,0.008617787471483007
2020-12-07,-0.002055124673657649
2020-12-08,0.0029263843284281776
2020-12-09,-0.00896879640066739
2020-12-10,-0.00032719877397113795
2020-12-11,-0.00117278634339546
2020-12-14,-0.004476968471472276
2020-12-15,0.013519396132018802
2020-12-16,0.0015694109223609587
2020-12-17,0.005591960873303048
2020-12-18,-0.003992924556384558
2020-12-21,-0.0035758138961548003
2020-12-22,-0.0016850995818222803
2020-12-23,0.0008986759152094237
2020-12-24,0.0038904989358985453
2020-12-28,0.00859065670951531
2020-12-29,-0.0019078543003320236
2020-12-30,0.0014267390488911236
2020-12-31,0.0050809927683694855
2021-01-04,-0.013614107151273314
2021-01-05,0.00688757445966548
2021-01-06,0.005978359437591951
2021-01-07,0.014857690270539514
2021-01-08,0.005697496138960645
2021-01-11,-0.006740673736385205
2021-01-12,0.0002111637236261732
2021-01-13,0.0026928479722074794
2021-01-14,-0.00350200058982153
2021-01-15,-0.007292514566931918
2021-01-19,0.007852004486611053
2021-01-20,0.013838556647892242
2021-01-21,0.0009117319790714618
2021-01-22,-0.003539549085899374
2021-01-25,0.0039441268056576995
2021-01-26,-0.00156117866778116
2021-01-27,-0.024440375156300265
2021-01-28,0.008600210032542188
2021-01-29,-0.020019729884975357
2021-02-01,0.016645675344444166
2021-02-02,0.014140200424358706
2021-02-03,0.0007863140063630869
2021-02-04,0.011365668765994652
2021-02-05,0.003935717738978717
2021-02-08,0.007222076860827986
2021-02-09,-0.0006658864225809191
2021-02-10,-0.0004355356183357584
2021-02-11,0.0016150083302415297
2021-02-12,0.004939797576741345
2021-02-16,-0.0008660187193597624
2021-02-17,0.00022950512561470404
2021-02-18,-0.004256034958091348
2021-02-19,-0.0017659851316200736
2021-02-22,-0.007691761571400946
2021-02-23,0.0012144242208409484
2021-02-24,0.011019320236070218
2021-02-25,-0.024095925070430235
2021-02-26,-0.005152561410805334
2021-03-01,0.024240217119623875
2021-03-02,-0.007803109814425002
2021-03-03,-0.013245604427436941
2021-03-04,-0.01237497251848918
2021-03-05,0.018396784672013444
2021-03-08,-0.004978808278299884
2021-03-09,0.01427735656161544
2021-03-10,0.006224533609618943
2021-03-11,0.010139192353882276
2021-03-12,0.001346890575213644
2021-03-15,0.005963628362987583
2021-03-16,-0.0012611489667476716
2021-03-17,0.003409534094473976
2021-03-18,-0.014549540552735718
2021-03-19,-0.0018503253247214024
2021-03-22,0.007984944397378513
2021-03-23,-0.00787072704747549
2021-03-24,-0.0050837823936670246
2021-03-25,0.005625973893617742
2021-03-26,0.01611481057293984
2021-03-29,-0.0005051033709105868
2021-03-30,-0.002653173969996425
2021-03-31,0.00405370655556303
2021-04-01,0.01079890912469339
2021-04-05,0.014353117368770096
2021-04-06,-0.0005905130438910167
2021-04-07,0.0011570110537080236
2021-04-08,0.004746838486474392
2021-04-09,0.00727035781148877
2021-04-12,0.00036442987076923394
2021-04-13,0.002963535616652413
2021-04-14,-0.0034149217090504447
2021-04-15,0.010742460668316411
2021-04-16,0.0033422507032006
2021-04-19,-0.004912919651077319
2021-04-20,-0.00732139741767901
2021-04-21,0.009462073634893597
2021-04-22,-0.009133338089831411
2021-04-23,0.010842501010521755
2021-04-26,0.0020877225027398083
2021-04-27,-0.00021559399227011333
2021-04-28,-0.0002874425983062645
2021-04-29,0.0063727866684466505
2021-04-30,-0.006570505597690679
2021-05-03,0.002156838997485755
2021-05-04,-0.00616922637940176
2021-05-05,0.00031266937401119854
2021-05-06,0.007985625466594204
2021-05-07,0.0072781428430690465
2021-05-10,-0.009902531711430074
2021-05-11,-0.00892476564771405
2021-05-12,-0.021245077750982055
2021-05-13,0.012012513101461675
2021-05-14,0.015355085915030653
2021-05-17,-0.0025442452350157296
2021-05-18,-0.008615925554237513
2021-05-19,-0.0026217884989359064
2021-05-20,0.010758205822561928
2021-05-21,-0.0008190357787909441
2021-05-24,0.010194430326305959
2021-05-25,-0.002218658341385571
2021-05-26,0.001984481604725641
2021-05-27,0.0005249382200356312
2021-05-28,0.0017887962924967304
2021-06-01,-0.0008807377996326027
2021-06-02,0.0015724852659093624
2021-06-03,-0.0037113073743637592
2021-06-04,0.009145728213095117
2021-06-07,-0.000970167840115943
2021-06-08,0.00021325519584736163
2021-06-09,-0.0014918507661543234
2021-06-10,0.004648316681527653
2021-06-11,0.0016524760294052143
2021-06-14,0.002238935263944697
2021-06-15,-0.001834256131670542
2021-06-16,-0.00558335170601898
2021-06-17,-0.00033148441096886305
2021-06-18,-0.013490730726099076
2021-06-21,0.014316165837916728
2021-06-22,0.005346377371496347
2021-06-23,-0.0012054173850771788
2021-06-24,0.005915771804859249
2021-06-25,0.003552105958516183
2021-06-28,0.002015944991249574
2021-06-29,0.0005379423341014267
2021-06-30,0.000841791624184518
2021-07-01,0.005536431894952676
2021-07-02,0.007643524634115106
2021-07-06,-0.0018214442466046865
2021-07-07,0.0035341515868045903
2021-07-08,-0.00814796186199751
2021-07-09,0.010674820536796581
2021-07-12,0.0035817437859975154
2021-07-13,-0.0034089712531021332
2021-07-14,0.0014924022075770704
2021-07-15,-0.003415609191053215
2021-07-16,-0.007843618903368044
2021-07-19,-0.014767914220739975
2021-07-20,0.014330392732841757
2021-07-21,0.00809634448761698
2021-07-22,0.0020941390937978532
2021-07-23,0.010287856663959039
2021-07-26,0.0024548926759637713
2021-07-27,-0.0045574431302783935
2021-07-28,-0.0004100894280528733
2021-07-29,0.004147280949381882
2021-07-30,-0.004856396616657044
2021-08-02,-0.0020980407028486914
2021-08-03,0.008135551504277805
2021-08-04,-0.00491899437001464
2021-08-05,0.006332885925704357
2021-08-06,0.0016524973620035688
2021-08-09,-0.0008135817356038633
2021-08-10,0.0012439923412268517
2021-08-11,0.002485040233879854
2021-08-12,0.0029966857511891654
2021-08-13,0.0018198570631433597
2021-08-16,0.0023545970581340114
2021-08-17,-0.00655503268505786
2021-08-18,-0.010945086074377608
2021-08-19,0.0015482409623512883
2021-08-20,0.007956961712008992
2021-08-23,0.008796533399421325
2021-08-24,0.0015875162157437117
2021-08-25,0.002098615117032576
2021-08-26,-0.005903465169237121
2021-08-27,0.008941118416743166
2021-08-30,0.004397434281765644
2021-08-31,-0.0014815145721408518
2021-09-01,0.0005315414464588386
2021-09-02,0.003076629770161876
2021-09-03,-0.00024295592650491749
2021-09-07,-0.00357533084086481
2021-09-08,-0.001218283635912587
2021-09-09,-0.004280286558713042
2021-09-10,-0.007884384924656818
2021-09-13,0.002559109546250715
2021-09-14,-0.005396507674059414
2021-09-15,0.008352642289278789
2021-09-16,-0.001585318389671464
2021-09-17,-0.00974106389416829
2021-09-20,-0.016674068676223675
2021-09-21,-0.0009449249296378248
2021-09-22,0.009754968161121758
2021-09-23,0.012150091135665564
2021-09-24,0.0016474214249526664
2021-09-27,-0.0028610883236031004
2021-09-28,-0.02015178920225713
2021-09-29,0.0016832043541015196
2021-09-30,-0.012222501179482426
2021-10-01,0.01188426381064911
2021-10-04,-0.012896147207988262
2021-10-05,0.010405026208191392
2021-10-06,0.004156063833707924
2021-10-07,0.008645552663985479
2021-10-08,-0.0018237436963306486
2021-10-11,-0.007239538364266607
2021-10-12,-0.0024617856432903595
2021-10-13,0.00359789687143941
2021-10-14,0.01682043344943085
2021-10-15,0.0076159336992627225
2021-10-18,0.002960552661669169
2021-10-19,0.0077147371678965015
2021-10-20,0.003927916238747109
2021-10-21,0.0026081029884730267
2021-10-22,-0.0010361734230401876
2021-10-25,0.0053627953642285675
2021-10-26,0.0009000236092735481
2021-10-27,-0.004430249330311109
2021-10-28,0.009648874870881397
2021-10-29,0.002029202545863029
2021-11-01,0.0017202647355034628
2021-11-02,0.0040429495121125925
2021-11-03,0.006105260885424402
2021-11-04,0.004712630553521002
2021-11-05,0.0034695815117631312
2021-11-08,0.0008536684213373835
2021-11-09,-0.0033052989795991916
2021-11-10,-0.00804508628725642
2021-11-11,0.0003237429941520542
2021-11-12,0.007546788096620016
2021-11-15,0.00034248516324875133
2021-11-16,0.003957628941204883
2021-11-17,-0.0024291429823500854
2021-11-18,0.0033965636980350933
2021-11-19,-0.0017882340745676295
2021-11-22,-0.002815204979264241
2021-11-23,0.001325923469101431
2021-11-24,0.002669703030026893
2021-11-26,-0.022303049580248535
2021-11-29,0.012266815421175581
2021-11-30,-0.019457744227358464
2021-12-01,-0.011107129729888032
2021-12-02,0.015316107072754326
2021-12-03,-0.008701303656039605
2021-12-06,0.01184345365839179
2021-12-07,0.020684619569271145
2021-12-08,0.0026480342108790023
2021-12-09,-0.006751578618417353
2021-12-10,0.009413492128232281
2021-12-13,-0.008858370610017152
2021-12-14,-0.006879895525122248
2021-12-15,0.015625029477067898
2021-12-16,-0.008818488238323652
2021-12-17,-0.010643060490514
2021-12-20,-0.01063337878699544
2021-12-21,0.017759181558343995
2021-12-22,0.009998497173787868
2021-12-23,0.006222206586226298
2021-12-27,0.01415210399361344
2021-12-28,-0.0008172054844228782
2021-12-29,0.0012790737952379505
2021-12-30,-0.0027642052514630366
2021-12-31,-0.002520495285454172
2022-01-03,0.0057902550529813634
2022-01-04,-0.000334975636938295
2022-01-05,-0.0192023597753479
2022-01-06,-0.0009393262860097895
2022-01-07,-0.003953471456400792
2022-01-10,-0.0012443523245480037
2022-01-11,0.009108319860368974
2022-01-12,0.0027034435165878
2022-01-13,-0.013778656274841983
2022-01-14,0.00040906987788580373
2022-01-18,-0.017709578901125234
2022-01-19,-0.010383614411782038
2022-01-20,-0.011068038308600259
2022-01-21,-0.019630671781846187
2022-01-24,0.0042468909979374025
2022-01-25,-0.012209137202389031
2022-01-26,-0.0025087656427497107
2022-01-27,-0.004938064082051108
2022-01-28,0.024835590989644052
2022-01-31,0.01801092123571757
2022-02-01,0.006757015488594753
2022-02-02,0.009714245867773696
2022-02-03,-0.023505056549565473
2022-02-04,0.0047020956219436805
2022-02-07,-0.0032093376878992164
2022-02-08,0.00822803131076566
2022-02-09,0.014635888540879716
2022-02-10,-0.017965490553563668
2022-02-11,-0.019718789419628235
2022-02-14,-0.003269084289431734
2022-02-15,0.01612676126720114
2022-02-16,0.0011208289476747346
2022-02-17,-0.02136155756177016
2022-02-18,-0.0064749099454117776
2022-02-22,-0.010731651503100625
2022-02-23,-0.017738543214431024
2022-02-24,0.015049106116448607
2022-02-25,0.022063885913492065
2022-02-28,-0.0025585088937940537
2022-03-01,-0.015230459293018361
2022-03-02,0.018396321621055645
2022-03-03,-0.004978490419323522
2022-03-04,-0.008124564011078084
2022-03-07,-0.029479243503766517
2022-03-08,-0.007581570825478612
2022-03-09,0.02681080099044819
2022-03-10,-0.0045155655368041
2022-03-11,-0.012715220981653896
2022-03-14,-0.007308201004866066
2022-03-15,0.021990385511808874
2022-03-16,0.022174239981673782
2022-03-17,0.012511009131098483
2022-03-18,0.010952753263629988
2022-03-21,-0.00029245148141654465
2022-03-22,0.011701408997894847
2022-03-23,-0.01287849192054813
2022-03-24,0.01507452726733538
2022-03-25,0.004883514102555164
2022-03-28,0.007112977162040401
2022-03-29,0.01237087074746901
2022-03-30,-0.0061747265531498785
2022-03-31,-0.01539133685748073
2022-04-01,0.0028340449719932437
2022-04-04,0.008566587631113398
2022-04-05,-0.012631428199874839
2022-04-06,-0.009999284059105329
2022-04-07,0.005039011317139019
2022-04-08,-0.0026740031721670388
2022-04-11,-0.01709221506351799
2022-04-12,-0.0037052005575054503
2022-04-13,0.011453548852194295
2022-04-14,-0.012451940635575753
2022-04-18,0.00041147991495349423
2022-04-19,0.0161425301253304
2022-04-20,-0.0007416205978290069
2022-04-21,-0.01495363926323301
2022-04-22,-0.02743894783630063
2022-04-25,0.0057975257337534725
2022-04-26,-0.02896082129741029
2022-04-27,0.00281175835496561
2022-04-28,0.025259458789087308
2022-04-29,-0.03695548148730088
2022-05-02,0.006019213144751179
2022-05-03,0.004584201579783009
2022-05-04,0.03045280675054074
2022-05-05,-0.035542685719554434
2022-05-06,-0.005969102433528439
2022-05-09,-0.03201731176056277
2022-05-10,0.002310506033454729
2022-05-11,-0.0158858679674444
2022-05-12,-0.0010440197339299795
2022-05-13,0.023907863670130203
2022-05-16,-0.0040576922137736116
2022-05-17,0.0205705634129012
2022-05-18,-0.04031180979807114
2022-05-19,-0.006124454489858988
2022-05-20,0.00043669420504799383
2022-05-23,0.018710055959627825
2022-05-24,-0.007633997266048187
2022-05-25,0.008835053578465146
2022-05-26,0.0199812223292406
2022-05-27,0.024549098275904235
2022-05-31,-0.005610960352130823
2022-06-01,-0.008088314786042328
2022-06-02,0.019043353353937365
2022-06-03,-0.016411553322984718
2022-06-06,0.003044831155079697
2022-06-07,0.0095921809818591
2022-06-08,-0.010872207293957215
2022-06-09,-0.02378269515416609
2022-06-10,-0.028995694958821927
2022-06-13,-0.037968331312936754
2022-06-14,-0.003013319706753892
2022-06-15,0.014256438508135183
2022-06-16,-0.033096087371200844
2022-06-17,0.0021557994962608795
2022-06-21,0.02517365495259627
2022-06-22,-0.0018129083376877686
2022-06-23,0.00980242132183795
2022-06-24,0.03179403202883835
2022-06-27,-0.0038198546404473177
2022-06-28,-0.02043290338685333
2022-06-29,-0.0008143786971993583
2022-06-30,-0.008124322938005912
2022-07-01,0.010576567852204954
2022-07-05,0.0018884841777078165
2022-07-06,0.003377470850826958
2022-07-07,0.014977164920612074
2022-07-08,-0.0008225216995565443
2022-07-11,-0.011423603303704177
2022-07-12,-0.008849110550747219
2022-07-13,-0.005251605661696912
2022-07-14,-0.002428329781487659
2022-07-15,0.019104884718024406
2022-07-18,-0.008256933142207101
2022-07-19,0.02701938138956983
2022-07-20,0.00637306093712442
2022-07-21,0.010183186381490072
2022-07-22,-0.009278065066749441
2022-07-25,0.00121477402544512
2022-07-26,-0.01183087047788256
2022-07-27,0.02596631215333489
2022-07-28,0.012542370797067326
2022-07-29,0.014578861116675501
2022-08-01,-0.00296136759248089
2022-08-02,-0.006597461086478851
2022-08-03,0.015659679088803502
2022-08-04,-0.0006756391817873686
2022-08-05,-0.0016900853045389574
2022-08-08,-0.0011609285166533923
2022-08-09,-0.003970928553682418
2022-08-10,0.021003940983188807
2022-08-11,0.0
2022-08-12,0.016929100176334977
2022-08-15,0.0041206175137791234
2022-08-16,0.0019587371130016518
2022-08-17,-0.007097990516188535
2022-08-18,0.0029062248410278713
2022-08-19,-0.01343786150972115
2022-08-22,-0.02082256260852433
2022-08-23,-0.002419374394778684
2022-08-24,0.0032013224977693877
2022-08-25,0.014117711358469398
2022-08-26,-0.033849225642445524
2022-08-29,-0.0066120656034476255
2022-08-30,-0.010978130990398682
2022-08-31,-0.0076087091138039575
2022-09-01,0.0031376604668718056
2022-09-02,-0.010544394228683474
2022-09-06,-0.003773101818884461
2022-09-07,0.01796482955670453
2022-09-08,0.006536287104895511
2022-09-09,0.015535261417732205
2022-09-12,0.010747604296867719
2022-09-13,-0.043482390799015946
2022-09-14,0.003815681671229143
2022-09-15,-0.011353053825560844
2022-09-16,-0.0076290754640484515
2022-09-19,0.0077548934204672015
2022-09-20,-0.011478474197955002
2022-09-21,-0.017443753866338008
2022-09-22,-0.008400001554976777
2022-09-23,-0.01675473728088206
2022-09-26,-0.009892620116314643
2022-09-27,-0.002552777314038801
2022-09-28,0.01967632443668621
2022-09-29,-0.020888838659793185
2022-09-30,-0.015463646996820679
2022-10-03,0.026401220148450477
2022-10-04,0.03098668913214886
2022-10-05,-0.0023282954856989058
2022-10-06,-0.010315838724121007
2022-10-07,-0.027893716378517897
2022-10-10,-0.007635385591192034
2022-10-11,-0.006333082957008518
2022-10-12,-0.0032986084953789963
2022-10-13,0.02639131773759784
2022-10-14,-0.02278886564782867
2022-10-17,0.025697196979114878
2022-10-18,0.01174954169240583
2022-10-19,-0.00708663535250087
2022-10-20,-0.008385155633072183
2022-10-21,0.024301530965640916
2022-10-24,0.012236430913169283
2022-10-25,0.015968595664807017
2022-10-26,-0.007533965317643165
2022-10-27,-0.005340224548903372
2022-10-28,0.023790638753042215
2022-10-31,-0.007223289642871555
2022-11-01,-0.004375647888962608
2022-11-02,-0.025096184359452045
2022-11-03,-0.010297124518279466
2022-11-04,0.01439319366601488
2022-11-07,0.009565637127804116
2022-11-08,0.005395424687922645
2022-11-09,-0.020602012820852167
2022-11-10,0.05495416408726528
2022-11-11,0.00967830404353398
2022-11-14,-0.008506556725650705
2022-11-15,0.008529009934220122
2022-11-16,-0.007628840681771942
2022-11-17,-0.0030598649594653082
2022-11-18,0.004540460954754133
2022-11-21,-0.003636180316274884
2022-11-22,0.013457105783463819
2022-11-23,0.006301655290084751
2022-11-25,-0.00022365258432055501
2022-11-28,-0.0159572418846764
2022-11-29,-0.0017174625827575118
2022-11-30,0.031500663877739754
2022-12-01,-0.000735837763341074
2022-12-02,-0.0011536561843087378
2022-12-05,-0.017989324349670266
2022-12-06,-0.014414821108928555
2022-12-07,-0.0017011858578145356
2022-12-08,0.007834069009310829
2022-12-09,-0.00747045318372197
2022-12-12,0.014417332815730433
2022-12-13,0.0075698406153272835
2022-12-14,-0.006393533059767531
2022-12-15,-0.024461692404854407
2022-12-16,-0.011806162929517527
2022-12-19,-0.008479504116869818
2022-12-20,0.0013684871028800671
2022-12-21,0.014952278949027065
2022-12-22,-0.014266022015887225
2022-12-23,0.005752154128811915
2022-12-27,-0.00394347685931995
2022-12-28,-0.012427810066590217
2022-12-29,0.018000276122066117
2022-12-30,-0.002634237352435842
2023-01-03,-0.00420984017765802
2023-01-04,0.007720324315645177
2023-01-05,-0.011413506614309288
2023-01-06,0.022932231006327797
2023-01-09,-0.0005669160088164205
2023-01-10,0.007012791821432662
2023-01-11,0.012647874110394142
2023-01-12,0.0036407614053926007
2023-01-13,0.003879398973475112
2023-01-17,-0.0018317834383132503
2023-01-18,-0.01578808955520483
2023-01-19,-0.0072799271974842705
2023-01-20,0.018629157623102133
2023-01-23,0.011998583448772804
2023-01-24,-0.0010731939171783056
2023-01-25,0.0003749068484200091
2023-01-26,0.010990185657629992
2023-01-27,0.002297649499777066
2023-01-30,-0.012546710627277635
2023-01-31,0.014703264727555343
2023-02-01,0.010627862815866918
2023-02-02,0.014556924264920168
2023-02-03,-0.010629152274451048
2023-02-06,-0.006111249438542021
2023-02-07,0.013078650536480607
2023-02-08,-0.010934882524527567
2023-02-09,-0.008669142953537268
2023-02-10,0.0023337294759508964
2023-02-13,0.011738968195750932
2023-02-14,-0.00046010243604377443
2023-02-15,0.0032473580017546855
2023-02-16,-0.013768868984776028
2023-02-17,-0.0024982296301324647
2023-02-21,-0.02006099228892888
2023-02-22,-0.0013781107425419048
2023-02-23,0.005319389184330836
2023-02-24,-0.010682404503352783
2023-02-27,0.0034057986278612784
2023-02-28,-0.003695803174873946
2023-03-01,-0.0038359379613004396
2023-03-02,0.007777179230765485
2023-03-03,0.01603780978178526
2023-03-06,0.0006929282983372254
2023-03-07,-0.015328919307853073
2023-03-08,0.001632044249012976
2023-03-09,-0.01844967763659111
2023-03-10,-0.014429550770380328
2023-03-13,-0.0014251774828868413
2023-03-14,0.01653016409554664
2023-03-15,-0.006254394601055369
2023-03-16,0.017545177388270883
2023-03-17,-0.011692665372922573
2023-03-20,0.009615704320417029
2023-03-21,0.01313040928861442
2023-03-22,-0.017046378457223788
2023-03-23,0.0027032343878838905
2023-03-24,0.0065619734699224885
2023-03-27,0.0018699450388475203
2023-03-28,-0.002244627550960554
2023-03-29,0.014534801683436571
2023-03-30,0.005855273832256813
2023-03-31,0.014094555760341132
2023-04-03,0.0038105803359500534
2023-04-04,-0.0055481028622010875
2023-04-05,-0.0026182272948183094
2023-04-06,0.0039007942961639674
2023-04-10,0.0010264209882686615
2023-04-11,0.00026854154684419207
2023-04-12,-0.004075980714352556
2023-04-13,0.013282783481622928
2023-04-14,-0.0024428823181197323
2023-04-17,0.0035883760478236937
2023-04-18,0.000652182948624791
2023-04-19,-0.0001688950840841308
2023-04-20,-0.005457179696542358
2023-04-21,0.0007770738041970038
2023-04-24,0.0010430176894082877
2023-04-25,-0.015873849250360172
2023-04-26,-0.004235338098455443
2023-04-27,0.019907951573680194
2023-04-28,0.008535138408230392
2023-05-01,-0.0010098641393982977
2023-05-02,-0.011239083473404188
2023-05-03,-0.006864180705438372
2023-05-04,-0.0070828481704676705
2023-05-05,0.01851248291443386
2023-05-08,0.0002664994753553973
2023-05-09,-0.004385303845312993
2023-05-10,0.004672606245570199
2023-05-11,-0.0017440779525548233
2023-05-12,-0.0013104013606811682
2023-05-15,0.0034501952736296637
2023-05-16,-0.006682698076652005
2023-05-17,0.012138907549200662
2023-05-18,0.00963322807129785
2023-05-19,-0.0014550059386150282
2023-05-22,0.00040600380966648864
2023-05-23,-0.01122272565696425
2023-05-24,-0.007244811100813098
2023-05-25,0.008659942986118718
2023-05-26,0.012950618886624854
2023-05-30,0.0003809317278331559
2023-05-31,-0.005545229463299384
2023-06-01,0.009500845520376888
2023-06-02,0.014461173291230534
2023-06-05,-0.001916205919669789
2023-06-06,0.0021776515840401522
2023-06-07,-0.003457844707172919
2023-06-08,0.006048609831077911
2023-06-09,0.0017942839387634635
2023-06-12,0.009071808336502896
2023-06-13,0.006592957300520341
2023-06-14,0.0011908681662151643
2023-06-15,0.01239772972578801
2023-06-16,-0.0034062540908776917
2023-06-20,-0.00518825604258677
2023-06-21,-0.005123851825392434
2023-06-22,0.003609899335179856
2023-06-23,-0.00756009722187434
2023-06-26,-0.004085600721356997
2023-06-27,0.010963195674550619
2023-06-28,0.0005045342341358783
2023-06-29,0.0039412384054997585
2023-06-30,0.011800672581590899
2023-07-03,0.0011504739618632964
2023-07-05,-0.0014871168606178653
2023-07-06,-0.007830706115290464
2023-07-07,-0.002524576927677491
2023-07-10,0.002530966547427793
2023-07-11,0.006368633382280109
2023-07-12,0.008045880912900927
2023-07-13,0.00793687181973568
2023-07-14,-0.0006228876699501118
2023-07-17,0.0034722365898371965
2023-07-18,0.007430646345600422
2023-07-19,0.0022237546446737255
2023-07-20,-0.0066344492134863264
2023-07-21,0.0
2023-07-24,0.004467279000067492
2023-07-25,0.0027299950786272564
2023-07-26,0.0001537979373227305
2023-07-27,-0.00663000294751348
2023-07-28,0.009790320720692636
2023-07-31,0.0019039375281748594
2023-08-01,-0.0028613886669131006
2023-08-02,-0.013910780105636511
2023-08-03,-0.0028660505832762695
2023-08-04,-0.004522706162608414
2023-08-07,0.008728542620685564
2023-08-08,-0.00434859905856555
2023-08-09,-0.006685360576306976
2023-08-10,0.0003589579446625635
2023-08-11,-0.0005831150185188205
2023-08-14,0.005520057864732086
2023-08-15,-0.011648851498607615
2023-08-16,-0.007338141381253549
2023-08-17,-0.0076198723162341775
2023-08-18,0.00048135676018090656
2023-08-21,0.006506126062445716
2023-08-22,-0.00270851339586331
2023-08-23,0.011137761206008623
2023-08-24,-0.0138591378120142
2023-08-25,0.007049747138904827
2023-08-28,0.0063415150840426815
2023-08-29,0.014454851947968361
2023-08-30,0.004118563328602276
2023-08-31,-0.0014633103146365345
2023-09-01,0.0018651750863321048
2023-09-05,-0.0043219744188726095
2023-09-06,-0.006722398261152951
2023-09-07,-0.003070172341474109
2023-09-08,0.0015060268699218504
2023-09-11,0.006576749299324058
2023-09-12,-0.005485661592302682
2023-09-13,0.0011660914867126504
2023-09-14,0.008622343148425582
2023-09-15,-0.012048365576818099
2023-09-18,0.0005864479602681882
2023-09-19,-0.002073836536015783
2023-09-20,-0.009193320228928714
2023-09-21,-0.016528318650521845
2023-09-22,-0.0022485521756467897
2023-09-25,0.004205156486970729
2023-09-26,-0.014691175204664564
2023-09-27,0.0003990097303963047
2023-09-28,0.005797483394306857
2023-09-29,-0.002427009998859031
2023-10-02,-0.0003975898110065712
2023-10-03,-0.013386095986654856
2023-10-04,0.007282071845366556
2023-10-05,-0.0003768653615408013
2023-10-06,0.011872812763251472
2023-10-09,0.006402126059647184
2023-10-10,0.005204854106252155
2023-10-11,0.004096280585899059
2023-10-12,-0.006096470125303122
2023-10-13,-0.004980900862963766
2023-10-16,0.01052154459677257
2023-10-17,-4.5869719770608164e-05
2023-10-18,-0.013325080725768546
2023-10-19,-0.00878642243126837
2023-10-20,-0.012288038062324147
2023-10-23,-0.0017330876535470718
2023-10-24,0.00753933940962126
2023-10-25,-0.014352219698901214
2023-10-26,-0.011974705602927127
2023-10-27,-0.004532751941199842
2023-10-30,0.011955825161883427
2023-10-31,0.006280136882701459
2023-11-01,0.01066492999727231
2023-11-02,0.019164288133439067
2023-11-03,0.009123333934446087
2023-11-06,0.0023006088993042795
2023-11-07,0.0028459187586402646
2023-11-08,0.0007324924916465303
2023-11-09,-0.007798821372923981
2023-11-10,0.015604805353370388
2023-11-13,-0.0009532019597364716
2023-11-14,0.0194007173097539
2023-11-15,0.0021171604118641607
2023-11-16,0.0012231201762880062
2023-11-17,0.0012437333871908596
2023-11-20,0.007697612022634415
2023-11-21,-0.002179446610919511
2023-11-22,0.0038608599683720435
2023-11-24,0.0006153203661309892
2023-11-27,-0.0018008965863720583
2023-11-28,0.0009902282236669002
2023-11-29,-0.0007035791986266249
2023-11-30,0.003937471768640233
2023-12-01,0.0059159625385665215
2023-12-04,-0.00524950072088648
2023-12-05,-0.00019704602839842877
2023-12-06,-0.0040297871834187315
2023-12-07,0.007630412781345353
2023-12-08,0.004299201747144377
2023-12-11,0.0038895068124191745
2023-12-12,0.004567264577496122
2023-12-13,0.013790166744447552
2023-12-14,0.0032093504740717815
2023-12-15,-0.0016466722008086077
2023-12-18,0.005625204016340923
2023-12-19,0.006080870307542563
2023-12-20,-0.013857245040514887
2023-12-21,0.009481843457521899
2023-12-22,0.002009757369049847
2023-12-26,0.004222595680191343
2023-12-27,0.001807944594673483
2023-12-28,0.00037781567674533
2023-12-29,-0.002894968073282711
